{
  "static": {
    "accuracy": 0.5667870036101083,
    "precision": 0.5752295317901194,
    "recall": 0.5518172431737697,
    "f1": 0.5583872867826195,
    "fps": 24.256687082454803,
    "confusion_matrix": [
      [
        134,
        17,
        8,
        41,
        7
      ],
      [
        20,
        97,
        12,
        41,
        8
      ],
      [
        15,
        24,
        43,
        23,
        10
      ],
      [
        27,
        35,
        8,
        86,
        12
      ],
      [
        19,
        9,
        6,
        18,
        111
      ]
    ]
  },
  "dynamic": {
    "accuracy": 0.6859205776173285,
    "precision": 0.6806328950003253,
    "recall": 0.6786624609913217,
    "f1": 0.6790158802808022,
    "fps": 5.606290432848369,
    "confusion_matrix": [
      [
        160,
        7,
        9,
        21,
        10
      ],
      [
        9,
        133,
        10,
        21,
        5
      ],
      [
        9,
        12,
        74,
        14,
        6
      ],
      [
        28,
        24,
        21,
        86,
        9
      ],
      [
        14,
        2,
        7,
        23,
        117
      ]
    ]
  }
}