{
  "static": {
    "accuracy": 0.32250300842358604,
    "precision": 0.35518306548590206,
    "recall": 0.30768166939517505,
    "f1": 0.2692399343248105,
    "fps": 24.622691364611573,
    "confusion_matrix": [
      [
        58,
        27,
        0,
        21,
        101
      ],
      [
        11,
        59,
        0,
        20,
        88
      ],
      [
        8,
        17,
        2,
        14,
        74
      ],
      [
        13,
        40,
        1,
        26,
        88
      ],
      [
        13,
        17,
        4,
        6,
        123
      ]
    ]
  },
  "dynamic": {
    "accuracy": 0.2490974729241877,
    "precision": 0.05012106537530266,
    "recall": 0.2,
    "f1": 0.08015488867376573,
    "fps": 5.739019244956511,
    "confusion_matrix": [
      [
        207,
        0,
        0,
        0,
        0
      ],
      [
        175,
        0,
        0,
        0,
        3
      ],
      [
        114,
        0,
        0,
        0,
        1
      ],
      [
        167,
        0,
        0,
        0,
        1
      ],
      [
        163,
        0,
        0,
        0,
        0
      ]
    ]
  }
}