{
  "train_loss": [
    1.620137969970703
  ],
  "train_acc": [
    0.2840754716981132
  ],
  "val_loss": [
    1.5117892266184705
  ],
  "val_acc": [
    0.3252720677146312
  ]
}