{
  "train_loss": [
    1.4840872226931014,
    1.2245928998263378,
    1.056805965675498,
    0.9095739944026155,
    0.7702759056091308,
    0.5991131375510738,
    0.48278271102905274,
    0.4009361140233166,
    0.3241750425482696,
    0.21145396959556723,
    0.14468831503166343,
    0.11975312829467485,
    0.09146052911146632,
    0.0818697147459354,
    0.07687706703060078,
    0.054506943430540696,
    0.045904138376128,
    0.037993508100509644,
    0.032124205995280784,
    0.03255118098911249,
    0.032209814651957096,
    0.02713963799656562,
    0.02071535378019765,
    0.02123872392132597,
    0.018744110124291113,
    0.02056060205540567,
    0.01655702748388614,
    0.01598058106876769,
    0.01760376532628851,
    0.013846270304805827
  ],
  "train_acc": [
    0.372377358490566,
    0.5033962264150943,
    0.5873207547169811,
    0.6566037735849056,
    0.7157735849056603,
    0.7793207547169811,
    0.8315471698113207,
    0.8608301886792453,
    0.8886037735849056,
    0.9314716981132075,
    0.9598490566037736,
    0.9667924528301887,
    0.9770566037735849,
    0.976754716981132,
    0.9787169811320755,
    0.9888301886792453,
    0.9879245283018868,
    0.9918490566037735,
    0.9944150943396226,
    0.9932075471698113,
    0.993056603773585,
    0.9948679245283019,
    0.9969811320754717,
    0.9971320754716981,
    0.9972830188679245,
    0.9962264150943396,
    0.9971320754716981,
    0.9984905660377359,
    0.9969811320754717,
    0.9983396226415094
  ],
  "val_loss": [
    1.33366984842478,
    1.3927698399885102,
    1.3241278230062852,
    1.455129727919416,
    1.4535877045870116,
    1.7430423225716496,
    1.7498205529014605,
    1.7545440439517725,
    1.9787726234351855,
    1.8056286499895235,
    1.8625789998232094,
    1.8122374880991363,
    1.962379220823567,
    1.8893855900257068,
    2.0181611488779336,
    1.995178171267965,
    1.9948409341699123,
    1.9890106851561615,
    1.9545365255573786,
    1.9738851149252277,
    2.0835442096175134,
    2.120936155319214,
    2.1017505458793733,
    2.0180893938227173,
    2.0809866932311976,
    2.0635700442770806,
    2.0645057190718643,
    2.096615328537942,
    2.0648868725406504,
    2.1357010101320664
  ],
  "val_acc": [
    0.43893591293833134,
    0.437726723095526,
    0.48246674727932287,
    0.4667472793228537,
    0.4957678355501814,
    0.4703748488512696,
    0.47762998790810157,
    0.5139056831922612,
    0.47642079806529625,
    0.5163240628778718,
    0.5296251511487303,
    0.535671100362757,
    0.5308343409915357,
    0.5392986698911729,
    0.5175332527206772,
    0.5332527206771464,
    0.535671100362757,
    0.5259975816203144,
    0.5550181378476421,
    0.532043530834341,
    0.524788391777509,
    0.5453446191051995,
    0.535671100362757,
    0.5453446191051995,
    0.5417170495767836,
    0.5501813784764208,
    0.5405078597339782,
    0.5392986698911729,
    0.5392986698911729,
    0.535671100362757
  ]
}