{
  "train_loss": [
    1.6048978556147162
  ],
  "train_acc": [
    0.23169811320754716
  ],
  "val_loss": [
    1.598763138524278
  ],
  "val_acc": [
    0.2503022974607013
  ]
}