{
  "train_loss": [
    1.356569254641263,
    1.1311511980272688,
    1.014775369392251,
    0.9241114714280614,
    0.8290870211439313,
    0.7443038885053599,
    0.6668728552224501,
    0.5815499455771356,
    0.5140272134430004,
    0.4598498332253042,
    0.39564549572287866,
    0.22381901917592534,
    0.1661245253997029,
    0.14846666961064878,
    0.12811385604204997,
    0.1224162506567982,
    0.10485862125189237,
    0.05486795800221416,
    0.05049860588812603,
    0.042857344946982165,
    0.03778632949707362,
    0.03868783616534663,
    0.03671475569984682,
    0.026226962959464147,
    0.0193403579991592,
    0.017014109437186974,
    0.01918741755057478,
    0.014586356868545683,
    0.014676476801095425,
    0.014317800651638294
  ],
  "train_acc": [
    0.44030188679245286,
    0.5572830188679245,
    0.6129811320754717,
    0.6555471698113208,
    0.6979622641509434,
    0.7212075471698113,
    0.7560754716981132,
    0.7942641509433962,
    0.814188679245283,
    0.8360754716981132,
    0.864754716981132,
    0.925433962264151,
    0.9455094339622642,
    0.9500377358490566,
    0.9578867924528301,
    0.9593962264150944,
    0.9683018867924529,
    0.9835471698113207,
    0.9841509433962264,
    0.9874716981132076,
    0.9883773584905661,
    0.9879245283018868,
    0.9894339622641509,
    0.9923018867924528,
    0.9948679245283019,
    0.9959245283018868,
    0.9953207547169811,
    0.9953207547169811,
    0.9944150943396226,
    0.9956226415094339
  ],
  "val_loss": [
    1.2291750977088347,
    1.3035286458112307,
    1.051809057070814,
    0.9820100509053706,
    0.9767575173164653,
    1.0024937462994092,
    1.0272626765838124,
    1.2242821123374417,
    1.0159064262132402,
    1.1950509380256396,
    1.288467922740072,
    1.3054842028537137,
    1.3305127838133253,
    1.3658641045541473,
    1.397356593479124,
    1.4263435975888332,
    1.3089431795092275,
    1.4645502424270744,
    1.5113322590258167,
    1.4791430519959081,
    1.4520467192997668,
    1.4746215836755354,
    1.4831142618738682,
    1.571281738107981,
    1.5465519899708482,
    1.6155163820448952,
    1.583084511892147,
    1.6143464517983481,
    1.5977686787977985,
    1.626072449229
  ],
  "val_acc": [
    0.5151148730350665,
    0.5090689238210399,
    0.6033857315598549,
    0.6106408706166868,
    0.6360338573155986,
    0.6203143893591294,
    0.6106408706166868,
    0.5840386940749698,
    0.6795646916565901,
    0.596130592503023,
    0.6178960096735188,
    0.6239419588875453,
    0.6626360338573156,
    0.6457073760580411,
    0.6662636033857315,
    0.6541717049576784,
    0.6686819830713422,
    0.6723095525997581,
    0.6723095525997581,
    0.6771463119709794,
    0.6856106408706167,
    0.6856106408706167,
    0.6844014510278114,
    0.6795646916565901,
    0.6928657799274486,
    0.6735187424425635,
    0.6831922611850061,
    0.6928657799274486,
    0.6783555018137848,
    0.6904474002418379
  ]
}